AMZN,2021-10-01,3289.01,3309.17,3255.94,3283.26,2835617
AAPL,2021-10-04,141.76,142.21,138.27,139.14,98322008
GOOG,2021-10-04,2713.99,2714,2623.33,2675.3,1576495
NVDA,2021-10-04,205.04,205.42,195.55,197.32,34563497
PYPL,2021-10-04,261.84,262.57,251.59,255.01,7267168
ADBE,2021-10-04,574.59,576.8,552.14,558.49,3976963
MSFT,2021-10-04,287.4,287.75,280.25,283.11,31350747
TSLA,2021-10-04,796.5,806.97,776.12,781.53,30483341
FB,2021-10-04,335.53,335.94,322.7,326.23,42884975
AMZN,2021-10-04,3279.39,3279.99,3176.25,3189.78,4523057
AAPL,2021-10-05,139.49,142.24,139.36,141.11,80861062
GOOG,2021-10-05,2680,2747.24,2680,2723.54,1206337
NVDA,2021-10-05,199.5,206.48,198.54,204.51,27928165
PYPL,2021-10-05,255.22,262.77,253.59,260.15,6326587
ADBE,2021-10-05,563.91,570.29,559.21,566.7,2337838
MSFT,2021-10-05,284.05,290.4,284.05,288.76,24993024
TSLA,2021-10-05,784.8,797.31,774.2,780.59,18432625
FB,2021-10-05,328.58,335.18,326.16,332.96,35377947
AMZN,2021-10-05,3204.5,3260.73,3202.46,3221,3269208
AAPL,2021-10-06,139.47,142.15,138.37,142,83221119
GOOG,2021-10-06,2692.51,2757.04,2689.73,2747.08,988216
NVDA,2021-10-06,201.2,207.2,200.8,207,29720175
PYPL,2021-10-06,256.29,264.39,256.03,264.06,4615285
ADBE,2021-10-06,561.24,572.16,560.21,570.31,2043151
MSFT,2021-10-06,285.78,293.63,285.51,293.11,28002559
TSLA,2021-10-06,776.2,786.66,773.22,782.75,14632768
FB,2021-10-06,329.74,334.38,325.8,333.64,26443010
AMZN,2021-10-06,3213.53,3264.34,3198.62,3262.01,2532977
AAPL,2021-10-07,143.06,144.22,142.72,143.29,61732656
GOOG,2021-10-07,2777.26,2803.09,2771.26,2783.71,912523
NVDA,2021-10-07,210.92,213.22,209.72,210.75,25691893
PYPL,2021-10-07,265.95,268.69,263.07,263.54,5276445
ADBE,2021-10-07,578.46,586.15,576.19,578.96,2648546
MSFT,2021-10-07,295.18,296.64,293.92,294.85,20430471
TSLA,2021-10-07,785.46,805,783.38,793.61,19195782
FB,2021-10-07,337,338.84,328.98,329.22,28307456
AMZN,2021-10-07,3291.54,3325.75,3283.06,3302.43,2409075
AAPL,2021-10-08,144.03,144.18,142.56,142.9,58773155
GOOG,2021-10-08,2798.12,2806.34,2788.59,2801.12,946421
NVDA,2021-10-08,211.01,212.06,207.75,208.31,15125791
PYPL,2021-10-08,264.96,265.47,259.8,260.06,4095908
ADBE,2021-10-08,581.3,583.61,575.52,576.86,2051019
MSFT,2021-10-08,296.22,296.64,293.76,294.85,17685700
TSLA,2021-10-08,796.21,796.38,780.91,785.49,16738604
FB,2021-10-08,331.51,333.4,328.71,330.05,15946110
AMZN,2021-10-08,3317,3321.43,3288.2,3288.62,1998217
AAPL,2021-10-11,142.27,144.81,141.81,142.81,64452219
GOOG,2021-10-11,2796,2815.27,2776.13,2776.95,829238
NVDA,2021-10-11,205.75,210.63,205.11,206.95,16338754
PYPL,2021-10-11,257.93,260.66,254.69,255.05,5031650
ADBE,2021-10-11,574.5,582.28,571.5,573.07,1410612
MSFT,2021-10-11,292.92,297.97,292.75,294.23,19298634
TSLA,2021-10-11,787.65,801.24,785.5,791.94,14200322
FB,2021-10-11,327.63,330.46,325.31,325.45,14708224
AMZN,2021-10-11,3275,3292.59,3238.1,3246.3,2034203
AAPL,2021-10-12,143.23,143.25,141.04,141.51,73035859
GOOG,2021-10-12,2792.75,2793.9,2725,2734.26,1126751
NVDA,2021-10-12,208.28,210.57,205.28,206.71,16213354
PYPL,2021-10-12,256,257.97,253.78,255.85,4289324
ADBE,2021-10-12,579.16,584.22,574.42,580.69,1740279
MSFT,2021-10-12,295.34,295.44,292.35,292.88,17974143
TSLA,2021-10-12,800.93,812.32,796.57,805.72,22020040
FB,2021-10-12,323.03,324.38,317.37,323.77,31658684
AMZN,2021-10-12,3257,3267.53,3236.28,3247.33,1819571
AAPL,2021-10-13,141.24,141.4,139.2,140.91,78762721
GOOG,2021-10-13,2755,2771,2739.53,2758,819664
NVDA,2021-10-13,209.18,209.9,207.13,209.39,18065188
PYPL,2021-10-13,258.73,261.24,254.25,256.36,6024050
ADBE,2021-10-13,585.26,593.54,582.66,591.12,2144405
MSFT,2021-10-13,294.91,297.28,293.49,296.31,23424025
TSLA,2021-10-13,810.47,815.41,805.78,811.08,14120075
FB,2021-10-13,326.97,327,322.66,324.54,14761470
AMZN,2021-10-13,3269.71,3288.38,3261.09,3284.28,2425086
AAPL,2021-10-14,142.11,143.88,141.51,143.76,69907100
GOOG,2021-10-14,2799.04,2833.03,2786.78,2828.24,1071878
NVDA,2021-10-14,212.88,217.55,211.22,217.46,24358881
PYPL,2021-10-14,261.5,267.41,260.2,266.45,7855106
ADBE,2021-10-14,600,609.44,596.97,607.51,2501675
MSFT,2021-10-14,299.21,303.27,297.83,302.75,27262902
TSLA,2021-10-14,815.49,820.25,813.35,818.32,12247170
FB,2021-10-14,328.36,330.52,327.1,328.53,14302154
AMZN,2021-10-14,3302.45,3312.6,3290.78,3299.86,2112020
AAPL,2021-10-15,143.77,144.9,143.51,144.84,67940334
GOOG,2021-10-15,2844,2844,2821.29,2833.5,1062668
NVDA,2021-10-15,218.1,219.31,216.62,218.62,22699401
PYPL,2021-10-15,268.7,269.72,265.44,268.35,5007867
ADBE,2021-10-15,611.69,612.25,607.55,610.09,1960103
MSFT,2021-10-15,302.34,304.45,300.52,304.21,25384803
TSLA,2021-10-15,823.74,843.21,822.35,843.03,18924567
FB,2021-10-15,328.68,329.07,322.51,324.76,21596370
AMZN,2021-10-15,3311.42,3410.42,3304,3409.02,5179941
AAPL,2021-10-18,143.45,146.84,143.16,146.55,85589175
GOOG,2021-10-18,2824.27,2859.98,2824.27,2859.21,828360
NVDA,2021-10-18,217.49,222.91,216.44,222.22,18949356
PYPL,2021-10-18,266.39,270.44,264.71,270.33,4367137
ADBE,2021-10-18,610.65,623.47,607.57,622.83,1905125
MSFT,2021-10-18,303.57,308.21,302.69,307.29,22729297
TSLA,2021-10-18,851.79,875.26,851.47,870.11,24207244
FB,2021-10-18,328.95,335.89,327.5,335.34,21585018
AMZN,2021-10-18,3388.36,3449.17,3385.1,3446.74,3174115
AAPL,2021-10-19,147.01,149.17,146.55,148.76,76378894
GOOG,2021-10-19,2865.83,2882.14,2861.92,2876.44,765792
NVDA,2021-10-19,222.76,223.79,220.37,222.9,16147329
PYPL,2021-10-19,271.01,273.27,269.83,271.7,3985909
ADBE,2021-10-19,625.26,639.39,625.26,636.07,2470024
MSFT,2021-10-19,308.35,309.3,307.22,308.23,17682139
TSLA,2021-10-19,877.53,877.95,862.51,864.27,17381128
FB,2021-10-19,339.65,342.46,337.28,339.99,18786316
AMZN,2021-10-19,3434.29,3454.69,3422,3444.15,2386079
AAPL,2021-10-20,148.7,149.75,148.12,149.26,58418788
GOOG,2021-10-20,2884.45,2884.96,2838.24,2848.3,896975
NVDA,2021-10-20,223.05,224.33,219.82,221.03,14627594
PYPL,2021-10-20,273,273.51,253.1,258.36,31271743
ADBE,2021-10-20,639.28,641.29,630.17,632.37,1497205
MSFT,2021-10-20,309.21,309.7,306.11,307.41,16537069
TSLA,2021-10-20,865.35,869.49,857.38,865.8,14032052
FB,2021-10-20,343.45,343.98,339.45,340.78,13639465
AMZN,2021-10-20,3452.66,3462.86,3400.37,3415.06,2139777
AAPL,2021-10-21,148.81,149.64,147.87,149.48,61420990
GOOG,2021-10-21,2843.84,2856.99,2832.74,2855.61,742496
NVDA,2021-10-21,220.97,227.11,220.83,226.92,18759032
PYPL,2021-10-21,258.61,258.96,242.98,243.21,42508925
ADBE,2021-10-21,632,639.17,629,638.66,1586592
MSFT,2021-10-21,307.17,311.02,306.36,310.76,16918100
TSLA,2021-10-21,856,900,855.5,894,31481454
FB,2021-10-21,340.28,342.31,337.8,341.88,16354423
AMZN,2021-10-21,3414.25,3440.28,3403,3435.01,1881385
AAPL,2021-10-22,149.69,150.18,148.64,148.69,58883443
GOOG,2021-10-22,2807.02,2831.17,2743.41,2772.5,1509132
NVDA,2021-10-22,228.23,231.3,225.61,227.26,24938379
PYPL,2021-10-22,243.73,246.66,239.75,240.4,24170917
ADBE,2021-10-22,640.43,644.43,634.45,643.58,1786582
MSFT,2021-10-22,310.4,311.09,307.8,309.16,17449332
TSLA,2021-10-22,895.5,910,890.96,909.68,22880835
FB,2021-10-22,326.35,329.63,321.11,324.61,35224543
AMZN,2021-10-22,3421,3429.84,3331.3,3335.55,3139053
AAPL,2021-10-25,148.68,149.37,147.62,148.64,50720556
GOOG,2021-10-25,2776.21,2784.12,2734.97,2775.46,1054085
NVDA,2021-10-25,229.73,233.55,227.7,231.66,23023483
PYPL,2021-10-25,254.96,255.52,245.82,246.88,23046733
ADBE,2021-10-25,644.47,649.62,639.07,646.97,1629369
MSFT,2021-10-25,309.36,309.4,306.46,308.13,17554469
TSLA,2021-10-25,950.53,1045.02,944.2,1024.86,62852099
FB,2021-10-25,320.3,329.56,319.72,328.69,38408957
AMZN,2021-10-25,3335,3347.8,3297.7,3320.37,2225956
AAPL,2021-10-26,149.33,150.84,149.01,149.32,60893395
GOOG,2021-10-26,2812.12,2816.79,2780.11,2793.44,1412937
NVDA,2021-10-26,239.89,252.59,239.24,247.17,48589830
PYPL,2021-10-26,249.45,249.88,241.01,243,14404294
ADBE,2021-10-26,650.91,659.19,642.1,642.5,2153959
MSFT,2021-10-26,311,312.4,308.6,310.11,28107349
TSLA,2021-10-26,1024.69,1094.94,1001.44,1018.43,62414968
FB,2021-10-26,328.26,330.21,309.6,315.81,65654043
AMZN,2021-10-26,3349.51,3416.12,3343.98,3376.07,2698342
AAPL,2021-10-27,149.36,149.73,148.49,148.85,56094929
GOOG,2021-10-27,2798.05,2982.36,2798.05,2928.55,2592546
NVDA,2021-10-27,244.74,250.9,242.82,244.51,24598989
PYPL,2021-10-27,243.85,244.69,233.92,234.94,19043914
ADBE,2021-10-27,644.48,648.81,639.81,640.08,1630177
MSFT,2021-10-27,316,326.1,316,323.17,52588690
TSLA,2021-10-27,1039.66,1070.88,1030.78,1037.86,38526459
FB,2021-10-27,314.19,319.25,312.06,312.22,29971761
AMZN,2021-10-27,3388,3437,3371.45,3392.49,2702224
AAPL,2021-10-28,149.82,153.17,149.72,152.57,100077888
GOOG,2021-10-28,2945.98,2948.49,2895.27,2922.58,1620903
NVDA,2021-10-28,248.78,249.5,245.23,249.41,23420431
PYPL,2021-10-28,237,237.94,232.78,236.83,14288265
ADBE,2021-10-28,638,642.49,633.27,639.28,2085002
MSFT,2021-10-28,324.33,324.87,321.36,324.35,26297943
TSLA,2021-10-28,1068.31,1081,1054.2,1077.04,27213173
FB,2021-10-28,312.99,325.52,308.11,316.92,50806840
AMZN,2021-10-28,3402.1,3479,3386,3446.57,5708733
AAPL,2021-10-29,147.22,149.94,146.41,149.8,124953168
GOOG,2021-10-29,2910.4,2972.26,2903.33,2965.41,1447725
NVDA,2021-10-29,250.01,257.09,250,255.67,29250284
PYPL,2021-10-29,235.43,238.9,231.71,232.59,13010816
ADBE,2021-10-29,637.77,651.31,637,650.36,1927887
MSFT,2021-10-29,324.13,332,323.9,331.62,34765982
TSLA,2021-10-29,1081.86,1115.21,1073.21,1114,29918417
FB,2021-10-29,320.19,326,319.6,323.57,37059384
AMZN,2021-10-29,3300.02,3374.82,3273.32,3372.43,6486077
AAPL,2021-11-01,148.99,149.7,147.8,148.96,74588258
GOOG,2021-11-01,2963.3,2967.99,2871.59,2875.48,1613605
NVDA,2021-11-01,256.49,258.94,252.27,258.27,26573976
PYPL,2021-11-01,232.7,233.55,230.19,231.28,14054938
ADBE,2021-11-01,651.05,654,634.78,640.2,2215757
MSFT,2021-11-01,331.36,331.49,326.37,329.37,27073182
TSLA,2021-11-01,1145,1209.75,1118.66,1208.59,56048716
FB,2021-11-01,326.04,333.45,326,329.98,31518885
AMZN,2021-11-01,3361.8,3375.86,3292.02,3318.11,3608879
AAPL,2021-11-02,148.66,151.57,148.65,150.02,69121987
GOOG,2021-11-02,2896.19,2938.41,2892.82,2917.26,1057529
NVDA,2021-11-02,258.22,266.78,258,264.01,29411239
PYPL,2021-11-02,232.54,232.76,227.8,229.46,12676707
ADBE,2021-11-02,641.12,647.74,639.23,640.4,1769966
MSFT,2021-11-02,330.31,333.45,330,333.13,26487109
TSLA,2021-11-02,1159.36,1208.59,1146,1172,42737797
FB,2021-11-02,331.38,334.79,323.8,328.08,28352966
AMZN,2021-11-02,3315.01,3331.12,3283.55,3312.75,2627590
AAPL,2021-11-03,150.39,151.97,149.82,151.49,54511534
GOOG,2021-11-03,2925.5,2938.21,2901.07,2935.8,894330
NVDA,2021-11-03,266.7,267.84,262.35,265.98,23991033
PYPL,2021-11-03,228.33,230.9,225.31,230.38,14177954
ADBE,2021-11-03,645.52,656.5,640,655.18,1970703
MSFT,2021-11-03,333.9,334.9,330.65,334,21500082
TSLA,2021-11-03,1177.33,1215.39,1152.62,1213.86,34628519
FB,2021-11-03,327.49,332.15,323.2,331.62,20786502
AMZN,2021-11-03,3309,3394.92,3297.52,3384,3397189
AAPL,2021-11-04,151.58,152.43,150.64,150.96,60394616
GOOG,2021-11-04,2944,2999,2932.7,2973.66,1235040
NVDA,2021-11-04,272.29,313.65,271.18,298.01,115363115
PYPL,2021-11-04,231.61,231.92,225,228.22,14158856
ADBE,2021-11-04,659.44,676.08,657.75,674.08,2480616
MSFT,2021-11-04,332.89,336.54,329.51,336.44,23992202
TSLA,2021-11-04,1234.41,1243.49,1217,1229.91,25397410
FB,2021-11-04,334.01,337.27,332.65,335.85,22495281
AMZN,2021-11-04,3370,3498.63,3365,3477,5353020
AAPL,2021-11-05,151.89,152.2,150.06,151.28,65463883
GOOG,2021-11-05,2987.07,3011.41,2973.04,2984.82,1020407
NVDA,2021-11-05,301.87,314,294.1,297.52,85126015
PYPL,2021-11-05,230,230.42,224.6,225.78,16665648
ADBE,2021-11-05,676.74,677.76,661.11,662.72,2517646
MSFT,2021-11-05,338.51,338.79,334.42,336.06,22570098
TSLA,2021-11-05,1228,1239.87,1208,1222.09,21628812
FB,2021-11-05,340.31,346.79,339.64,341.13,26872817
AMZN,2021-11-05,3477,3566.25,3476.98,3518.99,4996951
AAPL,2021-11-08,151.41,151.57,150.16,150.44,55020868
GOOG,2021-11-08,3000,3020.69,2982.4,2987.03,919407
NVDA,2021-11-08,301.49,311,299.07,308.04,50310093
PYPL,2021-11-08,227.96,230.97,226.25,229.42,23213877
ADBE,2021-11-08,666.56,668.25,661.4,666.02,1497363
MSFT,2021-11-08,337.3,337.65,334.44,336.99,20897001
TSLA,2021-11-08,1149.79,1197,1133,1162.94,33445715
FB,2021-11-08,344.42,344.79,338.34,338.62,18342458
AMZN,2021-11-08,3523.24,3579,3487.86,3488.98,3073992
AAPL,2021-11-09,150.2,151.43,150.06,150.81,56787930
GOOG,2021-11-09,2994.92,3007.57,2950.14,2984.97,843778
NVDA,2021-11-09,322.82,323.1,299.64,306.57,64674621
PYPL,2021-11-09,212.4,212.4,200.68,205.42,63995079
ADBE,2021-11-09,667.69,669.66,663,667.92,1128004
MSFT,2021-11-09,337.11,338.72,334.53,335.95,21307370
TSLA,2021-11-09,1173.6,1174.5,1011.52,1023.5,59105836
FB,2021-11-09,340,341.31,334.47,335.37,17556721
AMZN,2021-11-09,3515.25,3593.77,3501.43,3576.23,4294922
AAPL,2021-11-10,150.02,150.13,147.85,147.92,65187092
GOOG,2021-11-10,2960.2,2974,2906.5,2932.52,1135416
NVDA,2021-11-10,293.56,308.5,287.78,294.59,63620572
PYPL,2021-11-10,204.1,208.2,202.78,204.64,23585948
ADBE,2021-11-10,663.2,665.81,645.86,647.5,2038209
MSFT,2021-11-10,334.57,334.63,329.92,330.8,25500938
TSLA,2021-11-10,1010.41,1078.1,987.31,1067.95,42802722
FB,2021-11-10,332.49,333.19,325.51,327.64,21872605
AMZN,2021-11-10,3563.87,3605.45,3463.09,3482.05,4027422
AAPL,2021-11-11,148.96,149.43,147.68,147.87,40999950
GOOG,2021-11-11,2942.14,2970.05,2933.89,2934.96,623155
NVDA,2021-11-11,304.68,305.9,297.77,303.9,33217211
PYPL,2021-11-11,207.92,208.31,201.56,202.03,17712094
ADBE,2021-11-11,649.61,652.57,642.1,643.17,1271194
MSFT,2021-11-11,331.25,333.77,330.51,332.43,16849844
TSLA,2021-11-11,1102.77,1104.97,1054.68,1063.51,22396568
FB,2021-11-11,329.82,332.46,327,327.74,12376563
AMZN,2021-11-11,3513,3543.24,3467.47,3472.5,2264406
AAPL,2021-11-12,148.43,150.4,147.48,149.99,63804008
GOOG,2021-11-12,2956.63,2997.19,2929.08,2992.91,852383
NVDA,2021-11-12,300.1,306.8,296.3,303.9,41305428
PYPL,2021-11-12,203.25,210.02,201.48,208.3,20954568
ADBE,2021-11-12,649.01,658.47,647.16,657.6,1286806
MSFT,2021-11-12,333.92,337.23,333.79,336.72,23831049
TSLA,2021-11-12,1047.5,1054.5,1019.2,1033.42,25573148
FB,2021-11-12,330.18,341.86,329.78,340.89,25414311
AMZN,2021-11-12,3485,3540.73,3447.05,3525.15,2689434
AAPL,2021-11-15,150.37,151.88,149.43,150,59222803
GOOG,2021-11-15,3000,3009.54,2973.05,2987.76,812367
NVDA,2021-11-15,305.52,306.44,292.47,300.25,38490900
PYPL,2021-11-15,212.22,214.21,210.71,212.54,17433101
ADBE,2021-11-15,658.37,663.67,655.19,659.73,1077608
MSFT,2021-11-15,337.54,337.88,334.03,336.07,16723009
TSLA,2021-11-15,1017.63,1031.98,978.6,1013.39,34775649
FB,2021-11-15,344.34,353.65,343.2,347.56,25076603
AMZN,2021-11-15,3537,3593.88,3525.81,3545.68,2929719
AAPL,2021-11-16,149.94,151.49,149.34,151,59256210
GOOG,2021-11-16,2983.41,2996.65,2967,2981.52,862743
NVDA,2021-11-16,297.59,303.9,297.06,302.03,26448367
PYPL,2021-11-16,214.89,215.97,211.77,215.67,16697515
ADBE,2021-11-16,659.14,673.74,658.99,671.03,1421950
MSFT,2021-11-16,335.68,340.67,335.51,339.51,20886832
TSLA,2021-11-16,1003.31,1057.2,1002.18,1054.73,26542359
FB,2021-11-16,343.83,346.65,340.87,342.96,18181106
AMZN,2021-11-16,3539,3576.5,3525.15,3540.7,2217071
AAPL,2021-11-17,151,155,150.99,153.49,88807000
GOOG,2021-11-17,2984.58,2992.52,2971.26,2981.24,764541
NVDA,2021-11-17,304.18,305.09,288,292.61,42850799
PYPL,2021-11-17,211.15,213.97,203.35,206.27,23095572
ADBE,2021-11-17,671.76,672.74,662.84,670.67,1221871
MSFT,2021-11-17,338.94,342.19,338,339.12,19053380
TSLA,2021-11-17,1063.51,1119.64,1055.5,1089.01,31445365
FB,2021-11-17,344.24,347.3,340.1,340.77,13602812
AMZN,2021-11-17,3564.72,3587.25,3545.35,3549,2560270
AAPL,2021-11-18,153.71,158.67,153.05,157.87,137827673
GOOG,2021-11-18,2982.92,3032.2,2979.97,3014.18,1334120
NVDA,2021-11-18,323.67,327.6,313.21,316.75,78171075
PYPL,2021-11-18,206.99,207.5,199.2,200.5,19980106
ADBE,2021-11-18,670.62,676.55,665.08,670.96,1494358
MSFT,2021-11-18,338.18,342.45,337.12,341.27,22463533
TSLA,2021-11-18,1106.55,1112,1075.02,1096.38,20898930
FB,2021-11-18,339.72,342.46,335.3,338.69,17487235
AMZN,2021-11-18,3566.35,3704.2,3561,3696.06,5703538
AAPL,2021-11-19,157.65,161.02,156.53,160.55,117305597
GOOG,2021-11-19,3020,3037,2997.75,2999.05,989148
NVDA,2021-11-19,322.43,330.88,319.05,329.85,53386665
PYPL,2021-11-19,202.19,202.5,193.07,193.61,24607529
ADBE,2021-11-19,681.26,699.5,678.91,688.37,3093812
MSFT,2021-11-19,342.64,345.1,342.2,343.11,21963403
TSLA,2021-11-19,1098.87,1138.72,1092.7,1137.06,21642258
FB,2021-11-19,342.2,352.1,339.9,345.3,26488541
AMZN,2021-11-19,3712.69,3762.15,3675.72,3676.57,4946203
AAPL,2021-11-22,161.68,165.7,161,161.02,117467889
GOOG,2021-11-22,3002.84,3014.89,2940.11,2941.57,1231385
NVDA,2021-11-22,335.17,346.47,319,319.56,75433524
PYPL,2021-11-22,193.62,193.9,184.28,189.48,29956603
ADBE,2021-11-22,696.28,699.54,672.66,673.57,2285511
MSFT,2021-11-22,344.62,349.67,339.55,339.83,31031113
TSLA,2021-11-22,1162.33,1201.95,1132.43,1156.87,33072509
FB,2021-11-22,349.05,353.83,340.51,341.01,27116811
AMZN,2021-11-22,3676.38,3713.46,3567.5,3572.57,4847850
AAPL,2021-11-23,161.12,161.8,159.06,161.41,96041899
GOOG,2021-11-23,2942.26,2953.88,2897.79,2935.14,906657
NVDA,2021-11-23,315.35,323.6,308.8,317.46,53216270
PYPL,2021-11-23,189.16,190.79,185.2,188.05,20004537
ADBE,2021-11-23,662.7,667.57,648.61,665.16,2504127
MSFT,2021-11-23,337.05,339.45,333.56,337.68,30427563
TSLA,2021-11-23,1167.51,1180.5,1062.7,1109.03,36171700
FB,2021-11-23,338.93,341.4,333.5,337.25,17224986
AMZN,2021-11-23,3585.04,3621.05,3527.71,3580.04,3692246
AAPL,2021-11-24,160.75,162.14,159.64,161.94,69463623
GOOG,2021-11-24,2927,2940,2903.98,2934.35,823203
NVDA,2021-11-24,314.61,328.55,309.28,326.74,43516226
PYPL,2021-11-24,187,189.64,184.74,188.71,13359144
ADBE,2021-11-24,655.83,668.87,647.14,668.32,2426821
MSFT,2021-11-24,336.28,338.16,333.91,337.91,21661307
TSLA,2021-11-24,1080.39,1132.77,1062,1116,22560238
FB,2021-11-24,336,341.78,332.81,341.06,13566181
AMZN,2021-11-24,3562.67,3613.64,3536.85,3580.41,2328018
AAPL,2021-11-26,159.57,160.45,156.36,156.81,76959752
GOOG,2021-11-26,2900.31,2905.94,2849.71,2856.12,849606
NVDA,2021-11-26,326,327.1,313.5,315.03,28306886
PYPL,2021-11-26,188.38,193,186.83,187.79,11080417
ADBE,2021-11-26,670.25,684,659.68,662.1,2203960
MSFT,2021-11-26,334.35,337.93,328.12,329.68,24217242
TSLA,2021-11-26,1099.47,1108.78,1081,1081.92,11680890
FB,2021-11-26,335.8,337.75,331.9,333.12,14750737
AMZN,2021-11-26,3602.1,3633.5,3504.15,3504.56,2991297
AAPL,2021-11-29,159.37,161.19,158.79,160.24,88748217
GOOG,2021-11-29,2885.97,2937.24,2885.97,2922.28,1313806
NVDA,2021-11-29,323.66,334.12,320.36,333.76,45496398
PYPL,2021-11-29,188.92,189.9,182.43,187.24,16308218
ADBE,2021-11-29,668,691.36,665.77,687.49,2728844
MSFT,2021-11-29,334.94,339.03,334.74,336.63,28563481
TSLA,2021-11-29,1100.99,1142.67,1100.19,1136.99,19464467
FB,2021-11-29,336.89,340.67,335.31,338.03,16650949
AMZN,2021-11-29,3547.64,3596,3531.5,3561.57,3265557
AAPL,2021-11-30,159.99,165.52,159.92,165.3,174048056
GOOG,2021-11-30,2909.01,2932.57,2841.32,2849.04,2079526
NVDA,2021-11-30,331.69,333.53,318.64,326.76,62206647
PYPL,2021-11-30,186.47,188.83,180.5,184.89,21144293
ADBE,2021-11-30,687.22,694.89,667.83,669.85,4703616
MSFT,2021-11-30,335.32,337.78,328.99,330.59,42885609
TSLA,2021-11-30,1144.37,1168,1118,1144.76,27092038
FB,2021-11-30,335,335.81,323.43,324.46,25390008
AMZN,2021-11-30,3563.5,3585.77,3492.01,3507.07,4001107
AAPL,2021-12-01,167.48,170.3,164.53,164.77,152423003
GOOG,2021-12-01,2884.25,2929.98,2830,2832.36,1427289
NVDA,2021-12-01,332.19,332.89,313.8,314.35,48580204
PYPL,2021-12-01,187.77,190.35,179.15,179.32,19542916
ADBE,2021-12-01,676,678.78,656.28,657.41,2832765
MSFT,2021-12-01,335.13,339.28,329.39,330.08,33401146
TSLA,2021-12-01,1160.7,1172.84,1090.76,1095,22934698
FB,2021-12-01,330.29,330.5,310.29,310.6,30384083
AMZN,2021-12-01,3545,3559.88,3441.6,3443.72,3756995
AAPL,2021-12-02,158.74,164.2,157.8,163.76,136739174
GOOG,2021-12-02,2836.48,2893.5,2819.64,2875.53,1062535
NVDA,2021-12-02,312.14,324.78,310.25,321.26,47289033
PYPL,2021-12-02,180.11,188.8,179.73,187.15,20422677
ADBE,2021-12-02,655.95,674.85,653.62,671.88,2675408
MSFT,2021-12-02,330.3,333.49,327.8,329.49,30765980
TSLA,2021-12-02,1099.06,1113,1056.65,1084.6,24371623
FB,2021-12-02,311.4,314.6,307.2,310.39,24396169
AMZN,2021-12-02,3460,3492.7,3423.75,3437.36,3236288
AAPL,2021-12-03,164.02,164.96,159.72,161.84,118023116
GOOG,2021-12-03,2889.91,2904.26,2823,2850.41,1334374
NVDA,2021-12-03,320,321.29,301.3,306.93,54432505
PYPL,2021-12-03,187.73,187.8,179.29,183.93,20737544
ADBE,2021-12-03,658.1,662.09,604.3,616.53,6741841
MSFT,2021-12-03,331.99,332.7,318.03,323.01,41779279
TSLA,2021-12-03,1084.79,1090.58,1000.21,1014.97,30773995
FB,2021-12-03,313.73,313.75,299.5,306.84,27471010
AMZN,2021-12-03,3455,3469.87,3338.6,3389.79,4035550
AAPL,2021-12-06,164.29,167.88,164.28,165.32,107496982
GOOG,2021-12-06,2871.48,2887.03,2812.94,2875.93,1109885
NVDA,2021-12-06,298.8,302.41,280.38,300.37,65893845
PYPL,2021-12-06,183.41,186.07,179.2,184.86,13303433
ADBE,2021-12-06,617.47,625.9,605.73,622.04,3170342
MSFT,2021-12-06,323.95,327.45,319.23,326.19,30032556
TSLA,2021-12-06,1001.51,1021.64,950.5,1009.01,27221037
FB,2021-12-06,308.13,320.1,306.34,317.87,21758340
AMZN,2021-12-06,3393,3473.91,3338.69,3427.37,3443000
AAPL,2021-12-07,169.08,171.58,168.34,171.18,120405352
GOOG,2021-12-07,2919,2966,2914.05,2960.73,1162914
NVDA,2021-12-07,309.57,324.49,306.51,324.27,59305348
PYPL,2021-12-07,188.67,192.83,188.43,191.02,17772718
ADBE,2021-12-07,644.19,655.22,640.05,649.96,3943536
MSFT,2021-12-07,331.64,335.8,330.1,334.92,31021936
TSLA,2021-12-07,1044.2,1057.67,1026.81,1051.75,18694857
FB,2021-12-07,321.57,326.54,321,322.81,18794047
AMZN,2021-12-07,3492,3549.99,3466.69,3523.29,3320536
AAPL,2021-12-08,172.13,175.96,170.7,175.08,116998901
GOOG,2021-12-08,2966.63,2983.13,2944,2974.41,948197
NVDA,2021-12-08,319.99,322.9,314.21,318.26,47555145
PYPL,2021-12-08,191.95,197.69,190.09,197.35,14433205
ADBE,2021-12-08,647.3,654.65,641.61,653.1,2416232
MSFT,2021-12-08,335.31,335.5,330.8,334.97,24760988
TSLA,2021-12-08,1052.71,1072.38,1033,1068.96,13968790
FB,2021-12-08,325,332.75,323.07,330.56,19937722
AMZN,2021-12-08,3523.01,3543.6,3495.01,3523.16,2262683
AAPL,2021-12-09,174.91,176.75,173.92,174.56,108923739
GOOG,2021-12-09,2963.52,2992.1,2950.58,2962.12,929030
NVDA,2021-12-09,317.34,322.05,304.28,304.9,48850716
PYPL,2021-12-09,196.06,196.42,191.44,191.75,11550681
ADBE,2021-12-09,650.92,655.72,630.88,632.57,2550690
MSFT,2021-12-09,334.41,336.49,332.12,333.1,22214158
TSLA,2021-12-09,1060.64,1062.49,1002.36,1003.8,19812832
FB,2021-12-09,329.54,336.13,328,329.82,16879168
AMZN,2021-12-09,3515,3539.39,3482.79,3483.42,2303091
AAPL,2021-12-10,175.21,179.63,174.69,179.45,115402731
GOOG,2021-12-10,2982,2988,2947.15,2973.5,1081923
NVDA,2021-12-10,311.5,313.05,298.61,301.98,48882509
PYPL,2021-12-10,192.94,194.15,186.8,188.51,11908148
ADBE,2021-12-10,638.13,654.97,635.1,654.45,2872975
MSFT,2021-12-10,334.98,343,334.79,342.54,38095694
TSLA,2021-12-10,1008.75,1020.98,982.53,1017.03,19888122
FB,2021-12-10,332.56,335.03,326.37,329.75,14527969
AMZN,2021-12-10,3508.34,3518.54,3410,3444.24,3034488
AAPL,2021-12-13,181.12,182.13,175.53,175.74,153237019
GOOG,2021-12-13,2968.88,2971.25,2927.2,2934.09,1205196
NVDA,2021-12-13,302.49,302.94,281.16,281.61,59834366
PYPL,2021-12-13,187.5,190.2,185.3,186.38,11812188
ADBE,2021-12-13,652.77,675.21,650.98,658.3,3829357
MSFT,2021-12-13,340.68,343.79,339.08,339.4,28899431
TSLA,2021-12-13,1001.09,1005,951.42,966.41,26198502
FB,2021-12-13,330.95,341.09,329.59,334.49,22948655
AMZN,2021-12-13,3440,3442,3382.6,3391.35,3108450
AAPL,2021-12-14,175.25,177.74,172.21,174.33,139380382
GOOG,2021-12-14,2895.4,2908.84,2844.85,2899.41,1238940
NVDA,2021-12-14,276.99,286.78,272.5,283.37,66703537
PYPL,2021-12-14,183.74,189.14,182.78,186.8,11414170
ADBE,2021-12-14,635.36,636,599.1,614.86,5934156
MSFT,2021-12-14,333.22,334.64,324.11,328.34,44438699
TSLA,2021-12-14,945,966.41,930,958.51,23602090
FB,2021-12-14,328.05,335.7,327.65,333.74,20461024
AMZN,2021-12-14,3351,3389.98,3328.8,3381.83,2798764
AAPL,2021-12-15,175.11,179.5,172.31,179.3,131063257
GOOG,2021-12-15,2887.32,2950.35,2854.11,2947.37,1364048
NVDA,2021-12-15,284,305,278.38,304.59,69829688
PYPL,2021-12-15,185.12,191.1,183.67,190.66,11278507
ADBE,2021-12-15,615.96,631.25,604.62,630.33,4288818
MSFT,2021-12-15,328.61,335.19,324.5,334.65,35381122
TSLA,2021-12-15,953.21,978.75,928.25,975.99,25056410
FB,2021-12-15,332.49,342.11,323.98,341.66,24681326
AMZN,2021-12-15,3371.96,3472,3303.9,3466.3,3789713
AAPL,2021-12-16,179.28,181.14,170.75,172.26,150185843
GOOG,2021-12-16,2961.54,2971.03,2881.85,2896.77,1369987
NVDA,2021-12-16,311.52,311.6,280.93,283.87,70736595
PYPL,2021-12-16,194.17,195.24,188.25,188.75,12326082
ADBE,2021-12-16,578.4,591.58,556.15,566.09,10961245
MSFT,2021-12-16,335.71,336.76,323.02,324.9,35034831
TSLA,2021-12-16,994.5,994.98,921.85,926.92,27590483
FB,2021-12-16,338.98,344.46,333.74,334.9,22635025
AMZN,2021-12-16,3467.37,3483.32,3363.21,3377.42,3043842
AAPL,2021-12-17,169.93,173.47,169.69,171.14,195923441
GOOG,2021-12-17,2854.29,2889.2,2835.76,2856.06,2170235
NVDA,2021-12-17,279.85,289.22,277.6,278.01,71662239
PYPL,2021-12-17,187.01,187.84,181.99,186.2,18899845
ADBE,2021-12-17,566.09,566.99,545.14,556.64,8014024
MSFT,2021-12-17,320.88,324.92,317.25,323.8,47983713
TSLA,2021-12-17,914.77,960.66,909.04,932.57,33626754
FB,2021-12-17,332.8,337.11,330.75,333.79,40012637
AMZN,2021-12-17,3354.21,3417.97,3312.27,3400.35,4287758
AAPL,2021-12-20,168.28,170.58,167.46,169.75,107499114
GOOG,2021-12-20,2813.59,2852.21,2805,2848.03,1013176
NVDA,2021-12-20,273.05,281.44,271.45,277.19,46184676
PYPL,2021-12-20,182.53,184.41,181.67,182.68,10906779
ADBE,2021-12-20,545.61,557.27,543.5,549.77,3441126
MSFT,2021-12-20,320.05,322.8,317.57,319.91,28326532
TSLA,2021-12-20,910.7,921.69,893.39,899.94,18826671
FB,2021-12-20,329.78,329.9,322.53,325.45,17901783
AMZN,2021-12-20,3337,3357.49,3312,3341.58,2868633
AAPL,2021-12-21,171.56,173.2,169.12,172.99,91185905
GOOG,2021-12-21,2863,2893.84,2834.7,2884.41,977597
NVDA,2021-12-21,283.74,291.2,274.01,290.75,52438494
PYPL,2021-12-21,183.18,189.29,183.08,189.14,12515481
ADBE,2021-12-21,550.91,559.89,538.05,557.52,4104714
MSFT,2021-12-21,323.29,327.73,319.8,327.29,24740597
TSLA,2021-12-21,916.87,939.5,886.12,938.53,23839305
FB,2021-12-21,326.41,336,323.75,334.2,16116784
AMZN,2021-12-21,3357.01,3414.33,3312.95,3408.34,2797791
AAPL,2021-12-22,173.04,175.86,172.15,175.64,92135303
GOOG,2021-12-22,2882,2946.06,2879.26,2938.98,922024
NVDA,2021-12-22,288.91,295.55,284.49,294,39518438
PYPL,2021-12-22,189.16,191.77,188.04,191.68,9541564
ADBE,2021-12-22,560.3,564.92,552.24,563.98,4526208
MSFT,2021-12-22,328.3,333.61,325.75,333.2,24831493
TSLA,2021-12-22,965.66,1015.66,957.05,1008.87,31211362
FB,2021-12-22,333.8,334.51,328.26,330.45,16764566
AMZN,2021-12-22,3385.4,3441,3370.01,3420.74,2751773
AAPL,2021-12-23,175.85,176.85,175.27,176.28,68356567
GOOG,2021-12-23,2941.79,2971.45,2939.02,2942.85,690934
NVDA,2021-12-23,297.55,300.59,294.31,296.4,34302174
PYPL,2021-12-23,192.47,192.96,190.25,192.01,7762002
ADBE,2021-12-23,568.96,572.57,566.16,569.62,2147722
MSFT,2021-12-23,332.75,336.39,332.73,334.69,19617848
TSLA,2021-12-23,1006.8,1072.98,997.56,1067,30904429
FB,2021-12-23,330.1,336.67,328.36,335.24,13987698
AMZN,2021-12-23,3408.56,3439.5,3403,3421.37,1839412
AAPL,2021-12-27,177.09,180.42,177.07,180.33,74919582
GOOG,2021-12-27,2949.27,2968.53,2945,2961.28,662966
NVDA,2021-12-27,296.6,310.87,296.4,309.45,40368587
PYPL,2021-12-27,192.39,193.92,191.08,192.01,8357284
ADBE,2021-12-27,575.04,580.88,572.09,577.68,1980504
MSFT,2021-12-27,335.46,342.48,335.43,342.45,19947029
TSLA,2021-12-27,1073.67,1117,1070.72,1093.94,23715273
FB,2021-12-27,338.85,347.87,338.01,346.18,17795026
AMZN,2021-12-27,3420.74,3458.86,3384.31,3393.39,2942341
AAPL,2021-12-28,180.16,181.33,178.53,179.29,79144339
GOOG,2021-12-28,2967.49,2967.49,2918.71,2928.96,931792
NVDA,2021-12-28,313.12,313.3,300.12,303.22,42059121
PYPL,2021-12-28,192.19,194,189.11,190.1,7974873
ADBE,2021-12-28,582.84,582.88,568.35,569.36,2108375
MSFT,2021-12-28,343.15,343.81,340.32,341.25,15661467
TSLA,2021-12-28,1109.49,1119,1078.42,1088.47,20107969
FB,2021-12-28,346.63,352.71,345.2,346.22,16637608
AMZN,2021-12-28,3403.65,3443.52,3382.71,3413.22,2735593
AAPL,2021-12-29,179.33,180.63,178.14,179.38,62348931
GOOG,2021-12-29,2928.59,2943.68,2910.09,2930.09,851236
NVDA,2021-12-29,302.73,305.48,293.66,300.01,34313928
PYPL,2021-12-29,190.03,191.27,187.83,189.97,7038696
ADBE,2021-12-29,573.33,576.96,562.78,569.29,2484190
MSFT,2021-12-29,341.3,344.3,339.68,341.95,15041956
TSLA,2021-12-29,1098.64,1104,1064.14,1086.19,18718015
FB,2021-12-29,346.91,349.69,341.64,342.94,10747009
AMZN,2021-12-29,3416.8,3424.24,3372.01,3384.02,1787702
AAPL,2021-12-30,179.47,180.57,178.09,178.2,59773014
GOOG,2021-12-30,2929,2941.25,2915.17,2920.05,648851
NVDA,2021-12-30,298.27,304.57,295.4,295.86,30886422
PYPL,2021-12-30,189.61,193.95,188.91,191.88,9634832
ADBE,2021-12-30,570.57,578.99,566.04,570.53,1564633
MSFT,2021-12-30,341.91,343.13,338.82,339.32,15994471
TSLA,2021-12-30,1061.33,1095.55,1053.15,1070.34,15680313
FB,2021-12-30,344,347.23,343.22,344.36,10593347
AMZN,2021-12-30,3394,3417.76,3370.48,3372.89,1879155
AAPL,2021-12-31,178.09,179.23,177.26,177.57,64062261
GOOG,2021-12-31,2910.88,2927.3,2893.55,2893.59,864885
NVDA,2021-12-31,296.74,300.3,293.31,294.11,26652991
PYPL,2021-12-31,191.45,192.23,188.4,188.58,7360352
ADBE,2021-12-31,570,570.17,565.07,567.06,1581578
MSFT,2021-12-31,338.51,339.36,335.85,336.32,18000797
TSLA,2021-12-31,1073.44,1082,1054.59,1056.78,13577875
FB,2021-12-31,343.02,343.44,336.27,336.35,12870480
AMZN,2021-12-31,3379.12,3387,3331.17,3334.34,2391519
AAPL,2022-01-03,177.83,182.88,177.71,182.01,104701220
GOOG,2022-01-03,2889.51,2911,2870.05,2901.49,1261225
NVDA,2022-01-03,298.15,307.11,297.85,301.21,39240294
PYPL,2022-01-03,191.41,196,189.95,194.94,12797801
ADBE,2022-01-03,566.65,575,553.27,564.37,2863488
MSFT,2022-01-03,335.35,338,329.78,334.75,28918013
TSLA,2022-01-03,1147.75,1201.07,1136.04,1199.78,34895349
FB,2022-01-03,338.3,341.08,337.19,338.54,14562849
AMZN,2022-01-03,3351,3414.07,3323.21,3408.09,3193457
AAPL,2022-01-04,182.63,182.94,179.12,179.7,99310438
GOOG,2022-01-04,2911.01,2932.2,2876.32,2888.33,1146389
NVDA,2022-01-04,302.77,304.68,283.49,292.9,52715440
PYPL,2022-01-04,196,196.1,188.19,191.14,14197966
ADBE,2022-01-04,563.9,564.3,541.31,554,4344805
MSFT,2022-01-04,334.83,335.2,326.12,329.01,32674306
TSLA,2022-01-04,1189.55,1208,1123.05,1149.59,33416086
FB,2022-01-04,339.95,343.09,331.87,336.53,15997974
AMZN,2022-01-04,3408.76,3428,3326.99,3350.44,3536258
AAPL,2022-01-05,179.61,180.17,174.64,174.92,94537602
GOOG,2022-01-05,2883.62,2885.96,2750.47,2753.07,2482076
NVDA,2022-01-05,289.49,294.16,275.33,276.04,49806388
PYPL,2022-01-05,189.87,194.25,187.15,187.16,13227643
ADBE,2022-01-05,535,538.75,514,514.43,7394814
MSFT,2022-01-05,325.86,326.07,315.98,316.38,40054327
TSLA,2022-01-05,1146.65,1170.34,1081.01,1088.12,26706599
FB,2022-01-05,333.02,335.76,323.84,324.17,20564521
AMZN,2022-01-05,3337.66,3342.53,3287.14,3287.14,3215136
AAPL,2022-01-06,172.7,175.3,171.64,172,96903955
GOOG,2022-01-06,2749.95,2793.72,2735.27,2751.02,1452452
NVDA,2022-01-06,276.4,284.38,270.65,281.78,45418637
PYPL,2022-01-06,185.52,195,185.07,192.27,14206255
ADBE,2022-01-06,510,526.31,508.2,514.12,3913592
MSFT,2022-01-06,313.15,318.7,311.49,313.88,39646148
TSLA,2022-01-06,1077,1088,1020.5,1064.7,30112158
FB,2022-01-06,322.82,339.17,322.72,332.46,27962809
AMZN,2022-01-06,3269.01,3296,3238.74,3265.08,2597889
AAPL,2022-01-07,172.89,174.14,171.03,172.17,86709147
GOOG,2022-01-07,2758.1,2765.09,2715.78,2740.09,970412
NVDA,2022-01-07,281.41,284.22,270.57,272.47,40993851
PYPL,2022-01-07,190.02,193.13,186.3,187.6,12627265
ADBE,2022-01-07,513.66,520.42,504,510.7,3605411
MSFT,2022-01-07,314.15,316.5,310.09,314.04,32720018
TSLA,2022-01-07,1080.37,1080.93,1010,1026.96,28054916
FB,2022-01-07,332.74,337,328.88,331.79,14722020
AMZN,2022-01-07,3276.78,3304.87,3240.62,3251.08,2330295
AAPL,2022-01-10,169.08,172.5,168.17,172.19,106765552
GOOG,2022-01-10,2701.98,2772.8,2662.81,2771.48,1704784
NVDA,2022-01-10,265.81,274.69,256.44,274,59468095
PYPL,2022-01-10,185.75,185.75,177.4,182.95,14701568
ADBE,2022-01-10,500,526.58,497.01,525.83,5429694
MSFT,2022-01-10,309.49,314.72,304.69,314.27,44289467
TSLA,2022-01-10,1000,1059.1,980,1058.12,30604959
FB,2022-01-10,325.31,328.34,315.43,328.07,24942383
AMZN,2022-01-10,3211.71,3233.23,3126.09,3229.72,4389915
AAPL,2022-01-11,172.32,175.18,170.82,175.08,76138312
GOOG,2022-01-11,2763.61,2806.59,2736.27,2800.35,1175062
NVDA,2022-01-11,273.23,280.65,268.39,278.17,40408929
PYPL,2022-01-11,182.99,192.85,182.62,191.52,12867650
ADBE,2022-01-11,525.55,535.18,520.98,529.89,3422161
MSFT,2022-01-11,313.38,316.61,309.89,314.98,29386774
TSLA,2022-01-11,1053.67,1075.85,1038.82,1064.4,22021070
FB,2022-01-11,326.78,334.63,325.28,334.37,16226847
AMZN,2022-01-11,3230,3327,3214.03,3307.24,3140279
AAPL,2022-01-12,176.12,177.18,174.82,175.53,74805173
GOOG,2022-01-12,2831.09,2856.28,2822.24,2832.96,1182079
NVDA,2022-01-12,280.67,285.95,276.08,279.99,38341348
PYPL,2022-01-12,189.7,191.45,185.28,187.2,13588818
ADBE,2022-01-12,533.09,541.59,529.28,532.37,2901791
MSFT,2022-01-12,319.67,323.41,317.08,318.27,34372217
TSLA,2022-01-12,1078.85,1114.84,1072.59,1106.22,27913005
FB,2022-01-12,335.18,336.37,330.03,333.26,14104858
AMZN,2022-01-12,3331.5,3337.56,3288.34,3304.14,2501456
AAPL,2022-01-13,175.78,176.62,171.79,172.19,84505760
GOOG,2022-01-13,2836.81,2863.71,2778.28,2782.62,1328254
NVDA,2022-01-13,280.67,285.95,276.08,279.99,591399
PYPL,2022-01-13,187.78,190.84,180.35,181.01,12779859
ADBE,2022-01-13,532.22,535.27,516.32,516.9,3406500
MSFT,2022-01-13,320.47,320.88,304,304.8,45365979
TSLA,2022-01-13,1109.07,1115.6,1026.54,1031.56,32403264
FB,2022-01-13,334.98,335.63,325.76,326.48,14797109
AMZN,2022-01-13,3305.01,3324.43,3221.82,3224.28,2609415
AAPL,2022-01-14,171.34,173.78,171.09,173.07,80440780
GOOG,2022-01-14,2750,2824.01,2750,2795.73,1191296
NVDA,2022-01-14,263,271.97,262.1,269.42,39583235
PYPL,2022-01-14,179.15,182,175.4,178.42,14374445
ADBE,2022-01-14,514.49,522.57,511.27,520.6,2659825
MSFT,2022-01-14,304.25,310.82,303.75,310.2,39846414
TSLA,2022-01-14,1019.88,1052,1013.38,1049.61,24308137
FB,2022-01-14,321.79,332.73,321.21,331.9,16868497
AMZN,2022-01-14,3203,3245,3196.01,3242.76,2298743
AAPL,2022-01-18,171.51,172.54,169.41,169.8,91168729
GOOG,2022-01-18,2732,2747.83,2712.34,2725.81,1370098
NVDA,2022-01-18,262.6,266.38,257.7,259.03,42530617
PYPL,2022-01-18,176.96,179.68,174,174.46,12735481
ADBE,2022-01-18,510.39,519.39,504.98,513.34,3461507
MSFT,2022-01-18,304.07,309.8,301.74,302.65,42434112
TSLA,2022-01-18,1026.61,1070.79,1016.06,1030.51,22329803
FB,2022-01-18,323.29,324.21,317.64,318.15,22677332
AMZN,2022-01-18,3182.1,3194.69,3153.29,3178.35,3372072
AAPL,2022-01-19,170,171.08,165.94,166.23,94814990
GOOG,2022-01-19,2738.77,2767.99,2710,2713.04,1039764
NVDA,2022-01-19,260.79,265.43,250.52,250.67,48831451
PYPL,2022-01-19,174.35,177.28,172.6,173.55,13715748
ADBE,2022-01-19,516.48,528.92,515.3,516.58,2985891
MSFT,2022-01-19,306.29,313.91,302.7,303.33,45933855
TSLA,2022-01-19,1041.71,1054.67,995,995.65,25147496
FB,2022-01-19,319.58,327.1,319.33,319.59,20814740
AMZN,2022-01-19,3175.24,3185,3125,3125.98,2662096
AAPL,2022-01-20,166.98,169.68,164.18,164.51,91420515
GOOG,2022-01-20,2730.28,2758.24,2662.89,2670.13,1096528
NVDA,2022-01-20,253.04,255.79,240.78,241.5,43518073
PYPL,2022-01-20,175.01,179.88,173.04,173.28,13992537
ADBE,2022-01-20,522.38,532.03,509.64,510.85,3208136
MSFT,2022-01-20,309.07,311.65,301.14,301.6,35380675
TSLA,2022-01-20,1009.73,1041.66,994,996.27,23496248
FB,2022-01-20,323.9,327.82,315.98,316.56,16925030
AMZN,2022-01-20,3135.32,3160,3027.02,3033.35,3598666
AAPL,2022-01-21,164.42,166.33,162.3,162.41,122848858
GOOG,2022-01-21,2660.24,2695.21,2600.02,2601.84,2095961
NVDA,2022-01-21,235.07,248.23,232.63,233.74,71895784
PYPL,2022-01-21,171.8,172.96,163.3,163.54,20050952
ADBE,2022-01-21,508.5,513.86,499.27,499.91,4276067
MSFT,2022-01-21,302.69,304.11,295.61,296.03,57984403
TSLA,2022-01-21,996.34,1004.55,940.5,943.9,34472009
FB,2022-01-21,314.81,318.31,303.04,303.17,28710717
AMZN,2022-01-21,2999,3018,2841.41,2852.86,8198572
AAPL,2022-01-24,160.02,162.3,154.7,161.62,162706686
GOOG,2022-01-24,2520.55,2615.57,2492.84,2607.44,2764602
NVDA,2022-01-24,223.3,233.8,208.88,233.72,91581063
PYPL,2022-01-24,156.11,162.45,152.08,162.17,23702207
ADBE,2022-01-24,491.07,520.43,483.31,519.66,7555213
MSFT,2022-01-24,292.2,297.11,276.05,296.37,86035393
TSLA,2022-01-24,904.76,933.51,851.47,930,50791714
FB,2022-01-24,297.84,309.53,289.01,308.71,38936901
AMZN,2022-01-24,2780,2898.9,2707.04,2890.88,7802237
AAPL,2022-01-25,158.98,162.76,157.02,159.78,115798367
GOOG,2022-01-25,2568.71,2586.77,2527.56,2534.71,1800430
NVDA,2022-01-25,225.46,229.43,220,223.24,66461636
PYPL,2022-01-25,159.8,160.91,155.27,158.2,13268098
ADBE,2022-01-25,505.51,514.26,500.01,502.72,4051522
MSFT,2022-01-25,291.52,294.99,285.17,288.49,72848638
TSLA,2022-01-25,914.2,951.26,903.21,918.4,28865302
FB,2022-01-25,299.95,306.23,297.58,300.15,25108454
AMZN,2022-01-25,2844.85,2872,2762.9,2799.72,4541233
AAPL,2022-01-26,163.5,164.39,157.82,159.69,108275308
GOOG,2022-01-26,2611.85,2656.15,2543.07,2584.8,1981544
NVDA,2022-01-26,232.4,240.57,223,227.72,75595873
PYPL,2022-01-26,162.09,165.33,155.49,156.98,15966504
ADBE,2022-01-26,514,520.49,494.22,500.81,4449496
MSFT,2022-01-26,307.99,308.5,293.03,296.71,90428853
TSLA,2022-01-26,952.43,987.69,906,937.41,34955761
FB,2022-01-26,307.01,307.51,290.85,294.63,28348801
AMZN,2022-01-26,2895,2903.7,2746.37,2777.45,4780085
AAPL,2022-01-27,162.45,163.84,158.28,159.22,121954638
GOOG,2022-01-27,2627.22,2652.2,2578.9,2582.42,1514251
NVDA,2022-01-27,235.68,239.95,216.75,219.44,57335272
PYPL,2022-01-27,159.43,162.55,156.54,158.11,12657007
ADBE,2022-01-27,508.94,513.23,485.62,493.05,5870522
MSFT,2022-01-27,302.66,307.3,297.93,299.84,53481317
TSLA,2022-01-27,933.36,935.39,829,829.1,49036523
FB,2022-01-27,297.75,301.71,294.26,294.64,21629922
AMZN,2022-01-27,2816,2884.87,2787,2792.75,3875790
AAPL,2022-01-28,165.71,170.35,162.8,170.33,179935660
GOOG,2022-01-28,2600,2667.41,2573.89,2665.79,1525878
NVDA,2022-01-28,220.12,228.58,212.96,228.4,54377425
PYPL,2022-01-28,158.37,163.64,156.79,163.52,9861663
ADBE,2022-01-28,494.09,519,480.62,518.16,4339027
MSFT,2022-01-28,300.23,308.48,294.45,308.26,49743698
TSLA,2022-01-28,831.56,857.5,792.01,846.35,44929650
FB,2022-01-28,295.62,301.9,293.03,301.71,21871620
AMZN,2022-01-28,2817.21,2879.96,2758.59,2879.56,3719599
AAPL,2022-01-31,170.16,175,169.51,174.78,115541590
GOOG,2022-01-31,2683.96,2716.87,2645.48,2713.97,1702778
NVDA,2022-01-31,231.82,245.09,230.52,244.86,56467968
PYPL,2022-01-31,164.44,172.16,163.22,171.94,14260028
ADBE,2022-01-31,518.98,534.94,514.39,534.3,3995098
MSFT,2022-01-31,308.95,312.38,306.37,310.98,46444536
TSLA,2022-01-31,872.71,937.99,862.05,936.72,34812032
FB,2022-01-31,300.68,313.79,299.32,313.26,21579474
AMZN,2022-01-31,2895,3007.21,2886.01,2991.47,3915372
AAPL,2022-02-01,174.01,174.84,172.31,174.61,86213911
GOOG,2022-02-01,2756.7,2764,2691.36,2757.57,2560160
NVDA,2022-02-01,251.04,251.45,238.9,246.38,51892517
PYPL,2022-02-01,172.77,176.2,170.53,175.8,23286877
ADBE,2022-02-01,536,538.77,527.72,535.98,2307434
MSFT,2022-02-01,310.41,310.63,305.13,308.76,40950396
TSLA,2022-02-01,935.21,943.7,905,931.25,24379446
FB,2022-02-01,314.56,319.66,312.12,319,18023796
AMZN,2022-02-01,3000,3034.16,2952.55,3023.87,2960992
AAPL,2022-02-02,174.75,175.88,173.33,175.84,84914256
GOOG,2022-02-02,3037.27,3042,2911.15,2960.73,4487538
NVDA,2022-02-02,257.94,258.17,245.53,252.42,54341941
PYPL,2022-02-02,139.89,139.9,129.01,132.57,136263987
ADBE,2022-02-02,536.25,540.46,529.32,533.09,2494142
MSFT,2022-02-02,309.63,315.12,308.88,313.46,36635989
TSLA,2022-02-02,928.18,931.5,889.41,905.66,22264345
FB,2022-02-02,327.82,328,316.87,323,58458280
AMZN,2022-02-02,3101.01,3101.5,2977.27,3012.25,4366488
AAPL,2022-02-03,174.48,176.24,172.12,172.9,89418074
GOOG,2022-02-03,2905.9,2982.35,2844.1,2853.01,2846507
NVDA,2022-02-03,244.58,250.77,237.8,239.48,41017778
PYPL,2022-02-03,129.95,131.45,123.85,124.3,52101230
ADBE,2022-02-03,522.87,525.18,508.75,510.83,3058710
MSFT,2022-02-03,309.49,311.23,299.96,301.25,43729972
TSLA,2022-02-03,882,937,880.52,891.14,26285186
FB,2022-02-03,244.65,248,235.75,237.76,188119925
AMZN,2022-02-03,2834.75,2884.95,2766.66,2776.91,11276568
AAPL,2022-02-04,171.68,174.1,170.68,172.39,82465400
GOOG,2022-02-04,2860.34,2890.71,2796.35,2860.32,2461220
NVDA,2022-02-04,239.72,246.35,236.32,243.19,35482850
PYPL,2022-02-04,124.39,126.7,121.4,126.08,33103477
ADBE,2022-02-04,503.77,519.97,503.77,513.54,2583714
MSFT,2022-02-04,300.21,308.8,299.97,305.94,35096488
TSLA,2022-02-04,897.22,936.5,881.17,923.32,24541822
FB,2022-02-04,234.97,242.61,230.11,237.09,89342247
AMZN,2022-02-04,3112.13,3224,3012.16,3152.79,12672793
AAPL,2022-02-07,172.86,173.95,170.95,171.66,77251204
GOOG,2022-02-07,2874.18,2876.93,2773.98,2778.76,2230537
NVDA,2022-02-07,243.72,251.82,242.02,247.28,37686750
PYPL,2022-02-07,126.58,129.42,120.5,121.41,30384513
ADBE,2022-02-07,516,516,500.95,507.1,3120737
MSFT,2022-02-07,306.17,307.84,299.9,300.95,28533286
TSLA,2022-02-07,923.79,947.77,902.71,907.34,20331488
FB,2022-02-07,237.7,238.3,224.01,224.91,88613826
AMZN,2022-02-07,3170.4,3253.82,3145,3158.71,5131219
AAPL,2022-02-08,171.73,175.35,171.43,174.83,74829217
GOOG,2022-02-08,2779.83,2796.74,2737.46,2784.26,1712752
NVDA,2022-02-08,243.59,252.3,239.8,251.08,41035864
PYPL,2022-02-08,121.02,123.33,118.55,120.26,30862685
ADBE,2022-02-08,501.63,513.51,501.07,511.31,3205743
MSFT,2022-02-08,301.25,305.56,299.95,304.56,32421188
TSLA,2022-02-08,905.53,926.29,894.8,922,16909671
FB,2022-02-08,220.85,225.77,216.15,220.18,94729672
AMZN,2022-02-08,3135.01,3235.85,3111.01,3228.27,3802018
AAPL,2022-02-09,176.05,176.65,174.9,176.28,71285038
GOOG,2022-02-09,2817,2843.51,2807.54,2829.06,1431358
NVDA,2022-02-09,256.22,267.25,253.53,267.05,52428166
PYPL,2022-02-09,122.21,123.97,119.81,122.94,29475577
ADBE,2022-02-09,520.35,522.48,515.06,521.75,2542201
MSFT,2022-02-09,309.87,311.93,307.39,311.21,31284671
TSLA,2022-02-09,935,946.27,920,932,17419848
FB,2022-02-09,224.2,233.37,222.21,232,86563275
AMZN,2022-02-09,3257.47,3276.69,3205,3223.79,3439280
AAPL,2022-02-10,174.14,175.48,171.55,172.12,90865899
GOOG,2022-02-10,2790,2828.62,2761,2772.05,1650885
NVDA,2022-02-10,259.95,269.25,256,258.24,51319972
PYPL,2022-02-10,121.54,125.28,118.48,119.02,30012632
ADBE,2022-02-10,508.08,514.48,492.28,495.02,4735802
MSFT,2022-02-10,304.04,309.12,300.7,302.38,45386199
TSLA,2022-02-10,908.37,943.81,896.7,904.55,22042277
FB,2022-02-10,228.27,235,226.7,228.07,49310356
AMZN,2022-02-10,3167,3214.33,3155,3180.07,3413406
AAPL,2022-02-11,172.33,173.08,168.04,168.64,98670687
GOOG,2022-02-11,2775,2785.67,2665.77,2682.6,1940440
NVDA,2022-02-11,259.16,261.52,237.73,239.49,60547198
PYPL,2022-02-11,119.65,120.89,114.73,115.29,24624884
ADBE,2022-02-11,497.92,499.93,472.9,473.97,5026970
MSFT,2022-02-11,303.19,304.29,294.22,295.04,39175620
TSLA,2022-02-11,909.63,915.96,850.7,860,26548623
FB,2022-02-11,228.46,230.42,218.77,219.55,46156943
AMZN,2022-02-11,3162.69,3180,3054.68,3065.87,3855022
AAPL,2022-02-14,167.37,169.58,166.56,168.88,86185530
GOOG,2022-02-14,2667.31,2723.33,2666.04,2706,1339640
NVDA,2022-02-14,239.34,248.75,237.55,242.67,44042443
PYPL,2022-02-14,113.62,116.63,113,114.12,22786950
ADBE,2022-02-14,473.2,478.57,469.21,474.01,3372122
MSFT,2022-02-14,293.77,296.76,291.35,295,36359487
TSLA,2022-02-14,861.57,898.88,853.15,875.76,22585472
FB,2022-02-14,219.31,221,214.78,217.7,38184035
AMZN,2022-02-14,3035.02,3168.97,3033,3103.34,4161535
AAPL,2022-02-15,170.97,172.95,170.25,172.79,64286320
GOOG,2022-02-15,2749.43,2758,2710.79,2728.51,1328878
NVDA,2022-02-15,249.49,265.45,247.84,264.95,70175280
PYPL,2022-02-15,115.42,116.4,114.01,115.46,19007632
ADBE,2022-02-15,482.53,482.53,472.39,479.5,3745338
MSFT,2022-02-15,300.01,300.8,297.02,300.47,27379488
TSLA,2022-02-15,900,923,893.38,922.43,19216514
FB,2022-02-15,220.47,221.15,215.06,221,42685473
AMZN,2022-02-15,3152.11,3160.14,3092.75,3130.21,2848533
AAPL,2022-02-16,171.85,173.34,170.05,172.55,61177398
GOOG,2022-02-16,2728.61,2758.92,2696.47,2749.75,1280483
NVDA,2022-02-16,262.59,265.82,255.52,265.11,73267633
PYPL,2022-02-16,114.7,114.79,110.38,110.54,28938685
ADBE,2022-02-16,476.49,480.21,467.27,477.7,3750472
MSFT,2022-02-16,298.37,300.87,293.68,299.5,29982121
TSLA,2022-02-16,914.05,926.43,901.21,923.39,17098132
FB,2022-02-16,212.41,217.46,212.36,216.54,45817457
AMZN,2022-02-16,3115.81,3176.68,3094.69,3162.01,2635214
AAPL,2022-02-17,171.03,171.91,168.47,168.88,69589344
GOOG,2022-02-17,2723,2736.79,2644.04,2646.17,1548406
NVDA,2022-02-17,256.3,257.85,241.65,245.07,81059508
PYPL,2022-02-17,109.99,111.41,104.99,105.2,33972162
ADBE,2022-02-17,473.14,476.45,456.05,457.71,4021128
MSFT,2022-02-17,296.36,296.8,290,290.73,32461580
TSLA,2022-02-17,913.26,918.5,874.1,876.35,18392806
FB,2022-02-17,214.02,217.5,207.16,207.71,38747533
AMZN,2022-02-17,3162.92,3206.98,3090,3093.05,3201625
AAPL,2022-02-18,169.82,170.54,166.19,167.3,82772674
GOOG,2022-02-18,2660.75,2676.48,2606.14,2609.35,1592930
NVDA,2022-02-18,246.68,249.86,231,236.42,76125491
PYPL,2022-02-18,106,106.74,103.03,103.65,28157409
ADBE,2022-02-18,458.69,459.3,441.77,442.56,5194162
MSFT,2022-02-18,293.05,293.86,286.31,287.93,34264008
TSLA,2022-02-18,886,886.87,837.61,856.98,22833947
FB,2022-02-18,209.39,210.75,205.18,206.16,37128438
AMZN,2022-02-18,3109.99,3109.99,3017.86,3052.03,3180205
AAPL,2022-02-22,164.98,166.69,162.15,164.32,91162758
GOOG,2022-02-22,2599.7,2638.02,2554.82,2588.05,1945329
NVDA,2022-02-22,230.35,240.64,230,233.9,63342244
PYPL,2022-02-22,102.15,105.08,101.71,103.17,28422164
ADBE,2022-02-22,440.35,451.09,435.05,438.4,4287637
MSFT,2022-02-22,285,291.54,284.5,287.72,41736117
TSLA,2022-02-22,834.13,856.73,801.1,821.53,27762734
FB,2022-02-22,202.34,207.48,200.06,202.08,39852391
AMZN,2022-02-22,3009.57,3059.65,2969.71,3003.95,3306412
AAPL,2022-02-23,165.54,166.15,159.75,160.07,90009247
GOOG,2022-02-23,2621.57,2634.98,2550.07,2551.7,1321564
NVDA,2022-02-23,238.02,241.55,223.01,223.87,56651077
PYPL,2022-02-23,105.02,105.55,100.6,100.72,25263644
ADBE,2022-02-23,447.78,449.59,428.06,429.45,4263021
MSFT,2022-02-23,290.18,291.7,280.1,280.27,37811167
TSLA,2022-02-23,830.43,835.3,760.56,764.04,31752336
FB,2022-02-23,204.16,206.94,198.05,198.45,44481359
AMZN,2022-02-23,3033.01,3035.26,2893.02,2896.54,3212178
AAPL,2022-02-24,152.58,162.85,152,162.74,141147540
GOOG,2022-02-24,2500,2660.74,2495.29,2653.47,2158254
NVDA,2022-02-24,210.15,238,208.9,237.48,73580063
PYPL,2022-02-24,94.74,105.26,94.5,105.02,35400626
ADBE,2022-02-24,418.59,465.93,416.81,463.82,6448772
MSFT,2022-02-24,272.51,295.16,271.52,294.59,56989686
TSLA,2022-02-24,700.39,802.48,700,800.77,45107425
FB,2022-02-24,191.06,208.35,190.22,207.6,49957167
AMZN,2022-02-24,2796.75,3034.98,2790,3027.16,5039288
AAPL,2022-02-25,163.84,165.12,160.87,164.85,91974222
GOOG,2022-02-25,2670.51,2707.78,2635.3,2690.39,1311793
NVDA,2022-02-25,237.21,242.17,233.81,241.57,52886551
PYPL,2022-02-25,106.15,111.1,104.53,110.94,33806875
ADBE,2022-02-25,465.39,468.52,456.02,465.54,2869739
MSFT,2022-02-25,295.14,297.63,291.65,297.31,32546721
TSLA,2022-02-25,809.23,819.5,782.4,809.87,25355921
FB,2022-02-25,204.94,211.32,203.18,210.48,37627551
AMZN,2022-02-25,3011,3079.8,2984.27,3075.77,3119768
AAPL,2022-02-28,163.06,165.42,162.43,165.12,95056629
GOOG,2022-02-28,2665.69,2712.81,2656.51,2697.82,1483784
NVDA,2022-02-28,239.92,246.65,237.07,243.85,47731861
PYPL,2022-02-28,110.31,113.54,108.93,111.93,25719349
ADBE,2022-02-28,462.4,468.48,458.86,467.68,3302341
MSFT,2022-02-28,294.31,299.14,293,298.79,34627457
TSLA,2022-02-28,815.01,876.86,814.71,870.43,33002289
FB,2022-02-28,207.68,213.15,206.83,211.03,34239803
AMZN,2022-02-28,3048.5,3089,3017,3071.26,2884171
AAPL,2022-03-01,164.7,166.6,161.97,163.2,83474425
GOOG,2022-03-01,2689.6,2722.22,2667.57,2683.36,1231996
NVDA,2022-03-01,242.91,243.77,231.32,234.77,41205598
PYPL,2022-03-01,112.73,112.75,105.56,106.51,19597676
ADBE,2022-03-01,468,479.21,462.92,466.68,3352760
MSFT,2022-03-01,296.4,299.97,292.15,294.95,31217778
TSLA,2022-03-01,869.68,889.88,853.78,864.37,24922287
FB,2022-03-01,209.87,211.75,202.22,203.49,27094902
AMZN,2022-03-01,3054.65,3081.98,2999.54,3022.84,2243679
AAPL,2022-03-02,164.39,167.36,162.95,166.56,79724750
GOOG,2022-03-02,2692.17,2712.31,2668.65,2695.03,1198337
NVDA,2022-03-02,237.56,244.09,234.15,242.2,38964185
PYPL,2022-03-02,105.61,107.23,103.69,106.61,17023538
ADBE,2022-03-02,471.94,477.49,466.04,471.18,2948450
MSFT,2022-03-02,295.36,301.47,293.7,300.19,31873007
TSLA,2022-03-02,872.13,886.48,844.27,879.89,24881146
FB,2022-03-02,204.78,209.15,202.02,208.11,29452147
AMZN,2022-03-02,3016.98,3059.99,2975,3041.05,2366736
AAPL,2022-03-03,168.47,168.91,165.55,166.23,76678441
GOOG,2022-03-03,2719.57,2734.28,2668.62,2686.16,988965
NVDA,2022-03-03,242.62,243.26,234.69,237.14,36509504
PYPL,2022-03-03,107.66,107.75,100.86,101.34,20330763
ADBE,2022-03-03,475.83,476.05,455.45,459.08,2906318
MSFT,2022-03-03,302.89,303.13,294.05,295.92,27314469
TSLA,2022-03-03,878.77,886.44,832.6,839.29,20541169
FB,2022-03-03,209.02,209.08,201.42,202.97,27263524
AMZN,2022-03-03,3070.63,3078.58,2937.12,2957.97,3259860
AAPL,2022-03-04,164.49,165.55,162.1,163.17,83819592
GOOG,2022-03-04,2667.65,2683.98,2608.17,2642.44,1223612
NVDA,2022-03-04,233.84,236.8,224.82,229.36,43201070
PYPL,2022-03-04,100.24,102.39,98.62,99.91,20159124
ADBE,2022-03-04,455.49,463.52,447,452.13,2752177
MSFT,2022-03-04,294.29,295.66,287.17,289.86,32369655
TSLA,2022-03-04,849.1,855.65,825.16,838.29,22393287
FB,2022-03-04,202.37,205.89,198.79,200.06,32146264
AMZN,2022-03-04,2943.18,2957,2876.14,2912.82,3049156
AAPL,2022-03-07,163.36,165.02,159.04,159.3,96418845
GOOG,2022-03-07,2638.08,2638.08,2528.2,2529.29,1958895
NVDA,2022-03-07,228.17,230.33,213.3,213.52,45082089
PYPL,2022-03-07,99.57,100.33,93.5,93.61,26529924
ADBE,2022-03-07,456.22,457.68,437.18,437.97,3676072
MSFT,2022-03-07,288.53,289.69,278.53,278.91,43157178
TSLA,2022-03-07,856.3,866.14,804.57,804.58,24164724
FB,2022-03-07,200.79,200.89,187.28,187.47,38560609
AMZN,2022-03-07,2908.87,2921.89,2748.33,2749.06,4346693
AAPL,2022-03-08,158.82,162.88,155.8,157.44,131148280
GOOG,2022-03-08,2525.01,2624.93,2517.22,2545.57,1762478
NVDA,2022-03-08,213.09,223.73,206.5,215.14,55746719
PYPL,2022-03-08,93.04,98.6,92.25,94.9,25130946
ADBE,2022-03-08,432.51,443.8,421.36,431.53,3734842
MSFT,2022-03-08,277.8,283.96,270,275.85,48159475
TSLA,2022-03-08,795.53,849.99,782.17,824.4,26799702
FB,2022-03-08,187.85,196.7,186.11,190.29,37508149
AMZN,2022-03-08,2733.67,2813.99,2671.45,2720.29,4583129
AAPL,2022-03-09,161.48,163.41,159.41,162.95,91454905
GOOG,2022-03-09,2628,2683.97,2601.76,2677.32,1612872
NVDA,2022-03-09,223.87,232.2,222.47,230.14,49274195
PYPL,2022-03-09,98.12,100.73,97.29,100.22,20811252
ADBE,2022-03-09,443.8,453.11,438.93,450.87,2905656
MSFT,2022-03-09,283.44,289.6,280.78,288.5,35204480
TSLA,2022-03-09,839.48,860.56,832.01,858.97,19727993
FB,2022-03-09,195.74,199.1,193.92,198.5,31894695
AMZN,2022-03-09,2790,2805,2736.56,2785.58,4132833
AAPL,2022-03-10,160.2,160.39,155.98,158.52,105342033
GOOG,2022-03-10,2629.25,2670.77,2628.02,2653.64,1213260
NVDA,2022-03-10,225.31,227.88,218.82,226.58,42806565
PYPL,2022-03-10,99.05,99.32,96.4,98.55,14703198
ADBE,2022-03-10,444.68,447.65,433.01,438.95,2722310
MSFT,2022-03-10,283.02,286.6,280.58,285.59,30628012
TSLA,2022-03-10,851.45,854.45,810.36,838.3,19549548
FB,2022-03-10,194.84,196.28,191.07,195.21,24852975
AMZN,2022-03-10,2913.7,2973.49,2879.56,2936.35,6753145
AAPL,2022-03-11,158.93,159.28,154.5,154.73,96970102
GOOG,2022-03-11,2679.99,2684,2605.93,2609.51,1329990
NVDA,2022-03-11,230.22,231.45,220.46,221,36720857
PYPL,2022-03-11,99.75,99.82,95.52,96.57,15141665
ADBE,2022-03-11,439.66,440.61,415.43,416.38,4434498
MSFT,2022-03-11,287.96,289.51,279.43,280.07,27209330
TSLA,2022-03-11,840.2,843.8,793.77,795.35,22345722
FB,2022-03-11,192.64,193.56,186.67,187.61,34694534
AMZN,2022-03-11,2991.49,2993.5,2907.38,2910.49,3445028